{
  "0": {
    "email": "info@fashionperruquers.com",
    "name": "Fashion perruquers",
    "town": "Balenyà",
    "citySlug": "balenya",
    "category": "Perruqueria home i dona",
    "region": "Osona"
  },
  "1": {
    "email": "flikflak@balenya.cat",
    "name": "Flikflak - Punt Jove",
    "town": "Balenyà",
    "citySlug": "balenya",
    "category": "El Flik Flak PuntJove és un servei d'informació i orientació juvenil que disposa de dos serveis: el Servei d'Informació i Orientació i l'Espai jove. Són dos serveis públics i gratuïts que s'ofereixen a tots els joves a partir de 12 anys d'una manera contrastada, àmplia i plural.",
    "region": "Osona"
  },
  "2": {
    "email": "matea.pere@hotmail.com",
    "name": "Mate perruqueria",
    "town": "Balenyà",
    "citySlug": "balenya",
    "category": "Perruqueria",
    "region": "Osona"
  },
  "3": {
    "email": "dolorscomerma@economistes.com",
    "name": "COMERMA TORRAS, MARIA DOLORS",
    "town": "Calldetenes",
    "citySlug": "calldetenes",
    "category": "Despatx professional d'assessorament empresarial.",
    "region": "Osona"
  },
  "4": {
    "email": "creariam369@gmail.com",
    "name": "CrearIAM",
    "town": "Calldetenes",
    "citySlug": "calldetenes",
    "category": "Espai de creació lliure on es duen tallers d'educació creadora i creació lliure a les tardes. També tallers puntuals de macramé, llanes, fofutxes i casals d'estiu.",
    "region": "Osona"
  },
  "5": {
    "email": "espardenyatcalldetenes@gmail.com",
    "name": "L'Espardenya Teatre",
    "town": "Calldetenes",
    "citySlug": "calldetenes",
    "category": "",
    "region": "Osona"
  },
  "6": {
    "email": "vetovallesveterinaria@gmail.com",
    "name": "Consultori Veterinari de Cànoves Vetovallès",
    "town": "Cànoves i Samalús",
    "citySlug": "canoves-i-samalus",
    "category": "",
    "region": "Vallès Oriental"
  },
  "7": {
    "email": "mencar.26@hotmail.com",
    "name": "Perruqueria \"Pinta d'Or\"",
    "town": "Castellví de la Marca",
    "citySlug": "castellvi-de-la-marca",
    "category": "Perruqueria unisex.",
    "region": "Alt Penedès"
  },
  "8": {
    "email": "joventut03@ccapenedes.cat",
    "name": "Espai Jove",
    "town": "Castellví de la Marca",
    "citySlug": "castellvi-de-la-marca",
    "category": "",
    "region": "Alt Penedès"
  },
  "9": {
    "email": "joves@dosrius.cat",
    "name": "Espai Jove de Dosrius",
    "town": "Dosrius",
    "citySlug": "dosrius",
    "category": "",
    "region": "Maresme"
  },
  "10": {
    "email": "sublimbruc@gmail.com",
    "name": "Centre de Bellesa Sublim",
    "town": "El Bruc",
    "citySlug": "el-bruc",
    "category": "",
    "region": "Anoia"
  },
  "11": {
    "email": "farmacia.elbruc@gmail.com",
    "name": "Farmàcia Josep Plans",
    "town": "El Bruc",
    "citySlug": "el-bruc",
    "category": "",
    "region": "Anoia"
  },
  "12": {
    "email": "ruthperruqueria@gmail.com",
    "name": "Ruth Perruqueria",
    "town": "El Bruc",
    "citySlug": "el-bruc",
    "category": "",
    "region": "Anoia"
  },
  "13": {
    "email": "arrelsdelmontnegre@gmail.com",
    "name": "Associació Arrels del Montnegre",
    "town": "Fogars de la Selva",
    "citySlug": "fogars-de-la-selva",
    "category": "Associació Arrels del Montnegre treballa per la millora continua del Parc del Montnegre com espai d'interès natural protegit (EIN).",
    "region": "La Selva"
  },
  "14": {
    "email": "fds.urbanisme@fogarsdelaselva.cat",
    "name": "Secretària accidental",
    "town": "Fogars de la Selva",
    "citySlug": "fogars-de-la-selva",
    "category": "",
    "region": "La Selva"
  },
  "15": {
    "email": "fuguetraquel3@gmail.com",
    "name": "Centre d'estètica i massatge Fuguet",
    "town": "Folgueroles",
    "citySlug": "folgueroles",
    "category": "",
    "region": "Osona"
  },
  "16": {
    "email": "info@clinicadentalfolgueroles.com",
    "name": "Clínica Dental Folgueroles",
    "town": "Folgueroles",
    "citySlug": "folgueroles",
    "category": "",
    "region": "Osona"
  },
  "17": {
    "email": "perruqueriaesterbarcons@gmail.com",
    "name": "Perruqueria Ester",
    "town": "Folgueroles",
    "citySlug": "folgueroles",
    "category": "",
    "region": "Osona"
  },
  "18": {
    "email": "gemmaparramon1978@gmail.com",
    "name": "Perruqueria Gemma",
    "town": "Folgueroles",
    "citySlug": "folgueroles",
    "category": "",
    "region": "Osona"
  },
  "19": {
    "email": "inmasaza@gmail.com",
    "name": "Perruqueria I.M",
    "town": "Folgueroles",
    "citySlug": "folgueroles",
    "category": "",
    "region": "Osona"
  },
  "20": {
    "email": "info@espaiformas.com",
    "name": "Espai Formas / Espaisegur, S.C.P.",
    "town": "L'Ametlla del Vallès",
    "citySlug": "l-ametlla-del-valles",
    "category": "Immobiliària: venda i gestió immobiliària. Despatx arquitectura tècnica: projectes tècnics, reformes, cèdula d'habitatge, certificats energètics.",
    "region": "Vallès Oriental"
  },
  "21": {
    "email": "joventut@ametlla.cat",
    "name": "Buc d'assaig",
    "town": "L'Ametlla del Vallès",
    "citySlug": "l-ametlla-del-valles",
    "category": "Equipament municipal destinat a totes aquelles persones aficionades a la música i que necessiten un espai adequat i adaptat per a poder assajar.",
    "region": "Vallès Oriental"
  },
  "22": {
    "email": "info@citysports.cat",
    "name": "City Sports",
    "town": "L'Ametlla del Vallès",
    "citySlug": "l-ametlla-del-valles",
    "category": "Esports (tenis, pàdel, fitness, dansa, piscina).",
    "region": "Vallès Oriental"
  },
  "23": {
    "email": "info@concentre.cat",
    "name": "Concentre - Centre de Negocis",
    "town": "L'Ametlla del Vallès",
    "citySlug": "l-ametlla-del-valles",
    "category": "Lloguer de despatxos equipats, centre de negocis.",
    "region": "Vallès Oriental"
  },
  "24": {
    "email": "farmacia@farmaciavalls.cat",
    "name": "Farmàcia Dolors Valls Relats",
    "town": "L'Ametlla del Vallès",
    "citySlug": "l-ametlla-del-valles",
    "category": "Dispensació de medicaments, productes naturals, cosmètics, productes d'higiene corporal, facial i íntima, productes homeopàtics, d'ortopèdia, veterinària, etc. Atenció personalitzada. Mesures d'anàlisis clíniques i control de paràmetres de salut. Acompanyament d'embarassades i nadons. Deshabituació tabàtica. Tests d'intolerància alimentària, tests genètics i capil·lars. Programes de prevenció de la salut.",
    "region": "Vallès Oriental"
  },
  "25": {
    "email": "cristian@fisiofunes.com",
    "name": "Fisioteràpia i Osteopatia Fisiofunes",
    "town": "L'Ametlla del Vallès",
    "citySlug": "l-ametlla-del-valles",
    "category": "",
    "region": "Vallès Oriental"
  },
  "26": {
    "email": "lasala@ametlla.cat",
    "name": "La Sala - Espai Cultural",
    "town": "L'Ametlla del Vallès",
    "citySlug": "l-ametlla-del-valles",
    "category": "",
    "region": "Vallès Oriental"
  },
  "27": {
    "email": "lolayangel1966@hotmail.com",
    "name": "Lola Almazan Perruquers",
    "town": "L'Ametlla del Vallès",
    "citySlug": "l-ametlla-del-valles",
    "category": "Perruqueria i estètica.",
    "region": "Vallès Oriental"
  },
  "28": {
    "email": "geor_bcn@hotmail.com",
    "name": "Nachris Clapes Estilistes",
    "town": "L'Ametlla del Vallès",
    "citySlug": "l-ametlla-del-valles",
    "category": "Perruqueria i estètica.",
    "region": "Vallès Oriental"
  },
  "29": {
    "email": "pattysdogs3@gmail.com",
    "name": "Patty's Dogs",
    "town": "L'Ametlla del Vallès",
    "citySlug": "l-ametlla-del-valles",
    "category": "Servei de perruqueria canina de qualitat per a la cura de la higiene i estètica de les mascotes.",
    "region": "Vallès Oriental"
  },
  "30": {
    "email": "info@ypyogapilates.com",
    "name": "YP Yoga&Pilates",
    "town": "L'Ametlla del Vallès",
    "citySlug": "l-ametlla-del-valles",
    "category": "Estudi de Ioga, Pilates, Pilates Màquines, Abdominals Hipopressius, Entrenament Personals a mida i Fisioteràpia.",
    "region": "Vallès Oriental"
  },
  "31": {
    "email": "lamasoveria@llinarsdelvalles.cat",
    "name": "La Masoveria - Espai jove",
    "town": "Llinars del Vallès",
    "citySlug": "llinars-del-valles",
    "category": "",
    "region": "Vallès Oriental"
  },
  "32": {
    "email": "hola@lemonyoga.es",
    "name": "Lemon Yoga",
    "town": "Llinars del Vallès",
    "citySlug": "llinars-del-valles",
    "category": "",
    "region": "Vallès Oriental"
  },
  "33": {
    "email": "quiro-maria@hotmail.com",
    "name": "Müx Teràpies",
    "town": "Llinars del Vallès",
    "citySlug": "llinars-del-valles",
    "category": "Fisio, quiromassatge, yoga i acupuntura",
    "region": "Vallès Oriental"
  },
  "34": {
    "email": "naturalperruqueria@gmail.com",
    "name": "Natural perruqueria ecològica",
    "town": "Llinars del Vallès",
    "citySlug": "llinars-del-valles",
    "category": "Perruqueria i altres tractaments de bellesa",
    "region": "Vallès Oriental"
  },
  "35": {
    "email": "montseyquique_@hotmail.com",
    "name": "Princess Nails",
    "town": "Llinars del Vallès",
    "citySlug": "llinars-del-valles",
    "category": "Perruqueria i estètica. Centre d'ungles",
    "region": "Vallès Oriental"
  },
  "36": {
    "email": "ritmicacel@hotmail.com",
    "name": "Ritmica Club Esportiu Llinars",
    "town": "Llinars del Vallès",
    "citySlug": "llinars-del-valles",
    "category": "T'agrada ballar i fer acrobàcies? Vine a provar la gimnàstica rítmica.",
    "region": "Vallès Oriental"
  },
  "37": {
    "email": "esentmarti@gmail.com",
    "name": "Espai Pratdesaba",
    "town": "Malla",
    "citySlug": "malla",
    "category": "Cicle de xerrades sobre temes diversos, temes culturals, de salut, de política, de ciència… en un espai rural, la cabana de pratdesaba, que dona a aquestes xerrades l'empremta del nostre poble",
    "region": "Osona"
  },
  "38": {
    "email": "promera@lcpackaging.es",
    "name": "LC Packaging Spain",
    "town": "Monistrol de Montserrat",
    "citySlug": "monistrol-de-montserrat",
    "category": "",
    "region": "Bages"
  },
  "39": {
    "email": "info.es@mosca.com",
    "name": "Mosca Direct Spain, S.L",
    "town": "Montgat",
    "citySlug": "montgat",
    "category": "",
    "region": "Maresme"
  },
  "40": {
    "email": "dentalgaudi@gmail.com",
    "name": "Dental Gaudí",
    "town": "Montgat",
    "citySlug": "montgat",
    "category": "",
    "region": "Maresme"
  },
  "41": {
    "email": "farmaciacirici@gmail.com",
    "name": "Farmàcia Cirici",
    "town": "Montgat",
    "citySlug": "montgat",
    "category": "",
    "region": "Maresme"
  },
  "42": {
    "email": "farmaciaespinas@gmail.com",
    "name": "Farmàcia Marta Espinàs Janer",
    "town": "Montgat",
    "citySlug": "montgat",
    "category": "",
    "region": "Maresme"
  },
  "43": {
    "email": "pbrufau001@cofb.net",
    "name": "Farmàcia Pere Brufau Tudela",
    "town": "Montgat",
    "citySlug": "montgat",
    "category": "",
    "region": "Maresme"
  },
  "44": {
    "email": "emesthetic@gmail.com",
    "name": "LUMED . Medicina estètica",
    "town": "Montgat",
    "citySlug": "montgat",
    "category": "",
    "region": "Maresme"
  },
  "45": {
    "email": "perruqueriadelpasseig@hotmail.com",
    "name": "Perruqueria El Passeig",
    "town": "Montgat",
    "citySlug": "montgat",
    "category": "",
    "region": "Maresme"
  },
  "46": {
    "email": "m.angelsalon@hotmail.com",
    "name": "Perruqueria M. Àngels Alonso",
    "town": "Montgat",
    "citySlug": "montgat",
    "category": "",
    "region": "Maresme"
  },
  "47": {
    "email": "info@napuplant.com",
    "name": "Urban Garden Napuplant",
    "town": "Montgat",
    "citySlug": "montgat",
    "category": "Un petit garden urbà pensat per apropar la natura al centre del municipi. Un espai per la venda, l'assessorament i tallers de plantes.",
    "region": "Maresme"
  },
  "48": {
    "email": "1masfamilia@gmail.com",
    "name": "Veterinari 1+delafamilia",
    "town": "Montgat",
    "citySlug": "montgat",
    "category": "",
    "region": "Maresme"
  },
  "49": {
    "email": "mangelsrp@hotmail.com",
    "name": "Equilibri, Centre d'Estètica i Salut",
    "town": "Navarcles",
    "citySlug": "navarcles",
    "category": "",
    "region": "Bages"
  },
  "50": {
    "email": "navarcles@aecc.es",
    "name": "AECC Associació Espanyola contra el Càncer (seu local de Navarcles)",
    "town": "Navarcles",
    "citySlug": "navarcles",
    "category": "",
    "region": "Bages"
  },
  "51": {
    "email": "veterinari.navarcles@gmail.com",
    "name": "Centre Veterinari Navarcles",
    "town": "Navarcles",
    "citySlug": "navarcles",
    "category": "",
    "region": "Bages"
  },
  "52": {
    "email": "dentistanavarcles@hotmail.com",
    "name": "Clínica Dental Bortheiry",
    "town": "Navarcles",
    "citySlug": "navarcles",
    "category": "",
    "region": "Bages"
  },
  "53": {
    "email": "aiborrafisio@gmail.com",
    "name": "Clivus Osteopatia-Fisioteràpia",
    "town": "Navarcles",
    "citySlug": "navarcles",
    "category": "",
    "region": "Bages"
  },
  "54": {
    "email": "info@espaisalutroser.com",
    "name": "Espai de Salut Roser Font",
    "town": "Navarcles",
    "citySlug": "navarcles",
    "category": "",
    "region": "Bages"
  },
  "55": {
    "email": "info@trespins.cat",
    "name": "Espai Esportiu Tres Pins",
    "town": "Navarcles",
    "citySlug": "navarcles",
    "category": "",
    "region": "Bages"
  },
  "56": {
    "email": "maricruzfg@hotmail.com",
    "name": "Estètica Mari",
    "town": "Navarcles",
    "citySlug": "navarcles",
    "category": "",
    "region": "Bages"
  },
  "57": {
    "email": "farmaciaestercarne@gmail.com",
    "name": "Farmàcia Ester Carné",
    "town": "Navarcles",
    "citySlug": "navarcles",
    "category": "",
    "region": "Bages"
  },
  "58": {
    "email": "vverge001@cofb.net",
    "name": "Farmàcia Vicenç Verge",
    "town": "Navarcles",
    "citySlug": "navarcles",
    "category": "",
    "region": "Bages"
  },
  "59": {
    "email": "rosado.conejo@cofb.net",
    "name": "Farmàcia-Ortopèdia Laia Rosado",
    "town": "Navarcles",
    "citySlug": "navarcles",
    "category": "",
    "region": "Bages"
  },
  "60": {
    "email": "miri_guga@hotmail.com",
    "name": "Ikmiri'n Perruqueria",
    "town": "Navarcles",
    "citySlug": "navarcles",
    "category": "",
    "region": "Bages"
  },
  "61": {
    "email": "manoloinlove@hotmail.com",
    "name": "Penya Espanyolista Cor Blanc i Blau Navarcles",
    "town": "Navarcles",
    "citySlug": "navarcles",
    "category": "",
    "region": "Bages"
  },
  "62": {
    "email": "sonia2121978@hotmail.es",
    "name": "Perruqueria Deja Vu",
    "town": "Navarcles",
    "citySlug": "navarcles",
    "category": "",
    "region": "Bages"
  },
  "63": {
    "email": "miriam232010.myr@gmail.com",
    "name": "Perruqueria Dtalls",
    "town": "Navarcles",
    "citySlug": "navarcles",
    "category": "",
    "region": "Bages"
  },
  "64": {
    "email": "nereaperruqueria@gmail.com",
    "name": "Perruqueria Nerea Soto",
    "town": "Navarcles",
    "citySlug": "navarcles",
    "category": "",
    "region": "Bages"
  },
  "65": {
    "email": "sangalperruquers@hotmail.com",
    "name": "Perruqueria Sandra Galobart",
    "town": "Navarcles",
    "citySlug": "navarcles",
    "category": "",
    "region": "Bages"
  },
  "66": {
    "email": "cvmontau@cvmontau.cat",
    "name": "Clínica veterinària Montau",
    "town": "Olesa de Bonesvalls",
    "citySlug": "olesa-de-bonesvalls",
    "category": "",
    "region": "Alt Penedès"
  },
  "67": {
    "email": "mfmfisioterapia@gmail.com",
    "name": "MFM Fisioterapia",
    "town": "Olesa de Bonesvalls",
    "citySlug": "olesa-de-bonesvalls",
    "category": "",
    "region": "Alt Penedès"
  },
  "68": {
    "email": "info.lauro@anicura.es",
    "name": "AniCura Lauro Centre Veterinari",
    "town": "Parets del Vallès",
    "citySlug": "parets-del-valles",
    "category": "",
    "region": "Vallès Oriental"
  },
  "69": {
    "email": "bastet.pv@gmail.com",
    "name": "Bastet Clínica Veterinària",
    "town": "Parets del Vallès",
    "citySlug": "parets-del-valles",
    "category": "",
    "region": "Vallès Oriental"
  },
  "70": {
    "email": "cmdparets@cmdparets.com",
    "name": "Centre Mèdic i Dental Parets",
    "town": "Parets del Vallès",
    "citySlug": "parets-del-valles",
    "category": "",
    "region": "Vallès Oriental"
  },
  "71": {
    "email": "xaribcn@hotmail.com",
    "name": "Centres Estètica Yanis",
    "town": "Parets del Vallès",
    "citySlug": "parets-del-valles",
    "category": "",
    "region": "Vallès Oriental"
  },
  "72": {
    "email": "gros_sergio@hotmail.com",
    "name": "Clínica dental MAIDO",
    "town": "Parets del Vallès",
    "citySlug": "parets-del-valles",
    "category": "",
    "region": "Vallès Oriental"
  },
  "73": {
    "email": "bikersparets@gmail.com",
    "name": "Club ciclista BikersParets",
    "town": "Parets del Vallès",
    "citySlug": "parets-del-valles",
    "category": "",
    "region": "Vallès Oriental"
  },
  "74": {
    "email": "creixement.espaipsicologic@gmail.com",
    "name": "Creixement Espai Psicològic",
    "town": "Parets del Vallès",
    "citySlug": "parets-del-valles",
    "category": "",
    "region": "Vallès Oriental"
  },
  "75": {
    "email": "llarangelina@gmail.com",
    "name": "Espai Llar i Íntim",
    "town": "Parets del Vallès",
    "citySlug": "parets-del-valles",
    "category": "",
    "region": "Vallès Oriental"
  },
  "76": {
    "email": "farmaciadelpoble@live.com",
    "name": "Farmàcia del Poble",
    "town": "Parets del Vallès",
    "citySlug": "parets-del-valles",
    "category": "",
    "region": "Vallès Oriental"
  },
  "77": {
    "email": "farmaciaisern@gmail.com",
    "name": "Farmàcia Isern Castro",
    "town": "Parets del Vallès",
    "citySlug": "parets-del-valles",
    "category": "",
    "region": "Vallès Oriental"
  },
  "78": {
    "email": "alegria@farmaciaortopedialegria.com",
    "name": "Farmàcia l'Alegria",
    "town": "Parets del Vallès",
    "citySlug": "parets-del-valles",
    "category": "",
    "region": "Vallès Oriental"
  },
  "79": {
    "email": "gymrobert@gmail.com",
    "name": "Gimnàs Robert",
    "town": "Parets del Vallès",
    "citySlug": "parets-del-valles",
    "category": "",
    "region": "Vallès Oriental"
  },
  "80": {
    "email": "info.dyedry@gmail.com",
    "name": "Perruqueria Dye&Dry",
    "town": "Parets del Vallès",
    "citySlug": "parets-del-valles",
    "category": "",
    "region": "Vallès Oriental"
  },
  "81": {
    "email": "merche.valles.ribas@gmail.com",
    "name": "Ribas Perruqueria",
    "town": "Parets del Vallès",
    "citySlug": "parets-del-valles",
    "category": "",
    "region": "Vallès Oriental"
  },
  "82": {
    "email": "info@asdimores.org",
    "name": "Sociedad Misionera Española Adventistas del 7º día Movimiento de Reforma",
    "town": "Parets del Vallès",
    "citySlug": "parets-del-valles",
    "category": "",
    "region": "Vallès Oriental"
  },
  "83": {
    "email": "canrajoler@parets.cat",
    "name": "Teatre Can Rajoler",
    "town": "Parets del Vallès",
    "citySlug": "parets-del-valles",
    "category": "Centre cultural que acull un teatre amb capacitat per a 378 persones, una sala d'exposicions, una biblioteca, espais multiusos i serveis administratius.",
    "region": "Vallès Oriental"
  },
  "84": {
    "email": "alba@thenomadyoga.com",
    "name": "The nomad yoga",
    "town": "Parets del Vallès",
    "citySlug": "parets-del-valles",
    "category": "",
    "region": "Vallès Oriental"
  },
  "85": {
    "email": "vinclesparets@gmail.com",
    "name": "Vincles Espai Pedagògic",
    "town": "Parets del Vallès",
    "citySlug": "parets-del-valles",
    "category": "",
    "region": "Vallès Oriental"
  },
  "86": {
    "email": "astralpool@astralpool.es",
    "name": "ASTRAL POOL ESPAÑA, SA",
    "town": "Polinyà",
    "citySlug": "polinya",
    "category": "",
    "region": "Vallès Occidental"
  },
  "87": {
    "email": "bufatec@bufatec.es",
    "name": "BUFATEC SPAIN, S.L.",
    "town": "Polinyà",
    "citySlug": "polinya",
    "category": "",
    "region": "Vallès Occidental"
  },
  "88": {
    "email": "hispanox@hispanox.com",
    "name": "HISPANOX, S.A.",
    "town": "Polinyà",
    "citySlug": "polinya",
    "category": "",
    "region": "Vallès Occidental"
  },
  "89": {
    "email": "info@maillis.es",
    "name": "M J MAILLIS ESPAÑA, SL",
    "town": "Polinyà",
    "citySlug": "polinya",
    "category": "",
    "region": "Vallès Occidental"
  },
  "90": {
    "email": "mariporras@live.com",
    "name": "Associació espanyola contra el càncer - Polinyà",
    "town": "Polinyà",
    "citySlug": "polinya",
    "category": "",
    "region": "Vallès Occidental"
  },
  "91": {
    "email": "cfisiop@gmail.com",
    "name": "CENTRE FISIOTERAPIA POLINYA",
    "town": "Polinyà",
    "citySlug": "polinya",
    "category": "",
    "region": "Vallès Occidental"
  },
  "92": {
    "email": "jaumeavellaneda@hotmail.com",
    "name": "CENTRE VETERINARI POLINYA CV",
    "town": "Polinyà",
    "citySlug": "polinya",
    "category": "",
    "region": "Vallès Occidental"
  },
  "93": {
    "email": "cvs.polinya@gmail.com",
    "name": "CVS VETERINARI",
    "town": "Polinyà",
    "citySlug": "polinya",
    "category": "",
    "region": "Vallès Occidental"
  },
  "94": {
    "email": "polinyajove@ajpolinya.cat",
    "name": "Espai Jove el Casal",
    "town": "Polinyà",
    "citySlug": "polinya",
    "category": "",
    "region": "Vallès Occidental"
  },
  "95": {
    "email": "espartanospolinya@hotmail.com",
    "name": "Espartan@s",
    "town": "Polinyà",
    "citySlug": "polinya",
    "category": "",
    "region": "Vallès Occidental"
  },
  "96": {
    "email": "juanjo@real-hardware.com",
    "name": "LABORATORIO DENTAL C&M",
    "town": "Polinyà",
    "citySlug": "polinya",
    "category": "",
    "region": "Vallès Occidental"
  },
  "97": {
    "email": "iogaimassatge@therra.cat",
    "name": "THERRA, ioga i massatges",
    "town": "Puigdàlber",
    "citySlug": "puigdalber",
    "category": "",
    "region": "Alt Penedès"
  },
  "98": {
    "email": "casacuberta.tor@coft.net",
    "name": "Farmàcia M. Lluïsa Casacuberta",
    "town": "Sant Bartomeu del Grau",
    "citySlug": "sant-bartomeu-del-grau",
    "category": "",
    "region": "Osona"
  },
  "99": {
    "email": "info@clinicavallalta.org",
    "name": "Clínica Veterinària Vallalta",
    "town": "Sant Cebrià de Vallalta",
    "citySlug": "sant-cebria-de-vallalta",
    "category": "",
    "region": "Maresme"
  },
  "100": {
    "email": "isabel@belestetica.com",
    "name": "Estètica Bel",
    "town": "Sant Cebrià de Vallalta",
    "citySlug": "sant-cebria-de-vallalta",
    "category": "",
    "region": "Maresme"
  },
  "101": {
    "email": "ctfarmacia@telefonica.net",
    "name": "Farmàcia Colomer-Torrent",
    "town": "Sant Cebrià de Vallalta",
    "citySlug": "sant-cebria-de-vallalta",
    "category": "",
    "region": "Maresme"
  },
  "102": {
    "email": "pol.riera92@gmail.com",
    "name": "Fisioterapeuta i osteòpata Pol Riera",
    "town": "Sant Cebrià de Vallalta",
    "citySlug": "sant-cebria-de-vallalta",
    "category": "",
    "region": "Maresme"
  },
  "103": {
    "email": "inespa@hotmail.com",
    "name": "Inespa serveis i manteniments",
    "town": "Sant Cebrià de Vallalta",
    "citySlug": "sant-cebria-de-vallalta",
    "category": "",
    "region": "Maresme"
  },
  "104": {
    "email": "alkimia32010@gmail.com",
    "name": "Perruqueria Alkimia 3",
    "town": "Sant Cebrià de Vallalta",
    "citySlug": "sant-cebria-de-vallalta",
    "category": "",
    "region": "Maresme"
  },
  "105": {
    "email": "ecarrerasrocosa@gmail.com",
    "name": "Perruqueria Esther",
    "town": "Sant Cebrià de Vallalta",
    "citySlug": "sant-cebria-de-vallalta",
    "category": "",
    "region": "Maresme"
  },
  "106": {
    "email": "miguel.morenosa@gmail.com",
    "name": "Perruqueria Extrem Perruquers",
    "town": "Sant Cebrià de Vallalta",
    "citySlug": "sant-cebria-de-vallalta",
    "category": "",
    "region": "Maresme"
  },
  "107": {
    "email": "piscinasvallalta@gmail.com",
    "name": "Piscines i Spas Vallalta",
    "town": "Sant Cebrià de Vallalta",
    "citySlug": "sant-cebria-de-vallalta",
    "category": "",
    "region": "Maresme"
  },
  "108": {
    "email": "evamj1994@hotmail.com",
    "name": "Centre Estètica Integral Pura Vida",
    "town": "Sant Climent de Llobregat",
    "citySlug": "sant-climent-de-llobregat",
    "category": "",
    "region": "Baix Llobregat"
  },
  "109": {
    "email": "santclident@gmail.com",
    "name": "Clínica Dental Santclident",
    "town": "Sant Climent de Llobregat",
    "citySlug": "sant-climent-de-llobregat",
    "category": "",
    "region": "Baix Llobregat"
  },
  "110": {
    "email": "ejovesantcliment@gmail.com",
    "name": "Espai Jove",
    "town": "Sant Climent de Llobregat",
    "citySlug": "sant-climent-de-llobregat",
    "category": "",
    "region": "Baix Llobregat"
  },
  "111": {
    "email": "ferchin@live.com",
    "name": "Farmàcia Moltó",
    "town": "Sant Climent de Llobregat",
    "citySlug": "sant-climent-de-llobregat",
    "category": "",
    "region": "Baix Llobregat"
  },
  "112": {
    "email": "soniasandalinas@hotmail.es",
    "name": "Perruqueria Estètica Sònia Sandalinas",
    "town": "Sant Climent de Llobregat",
    "citySlug": "sant-climent-de-llobregat",
    "category": "",
    "region": "Baix Llobregat"
  },
  "113": {
    "email": "climentona@hotmail.es",
    "name": "Perruqueria Natàlia",
    "town": "Sant Climent de Llobregat",
    "citySlug": "sant-climent-de-llobregat",
    "category": "",
    "region": "Baix Llobregat"
  },
  "114": {
    "email": "rinxolsdor@icloud.com",
    "name": "Perruqueria Rínxols d'Or",
    "town": "Sant Climent de Llobregat",
    "citySlug": "sant-climent-de-llobregat",
    "category": "",
    "region": "Baix Llobregat"
  },
  "115": {
    "email": "realycasanas@gmail.com",
    "name": "Real & Casañas - Clínica dental",
    "town": "Sant Climent de Llobregat",
    "citySlug": "sant-climent-de-llobregat",
    "category": "",
    "region": "Baix Llobregat"
  },
  "116": {
    "email": "beatriz.gonzalez@hbpogroup.com",
    "name": "HBPO Automotive Spain, S.L.",
    "town": "Sant Esteve Sesrovires",
    "citySlug": "sant-esteve-sesrovires",
    "category": "",
    "region": "Baix Llobregat"
  },
  "117": {
    "email": "info@canamatespacios.com",
    "name": "Can Amat Espacios",
    "town": "Sant Esteve Sesrovires",
    "citySlug": "sant-esteve-sesrovires",
    "category": "",
    "region": "Baix Llobregat"
  },
  "118": {
    "email": "ana_estetika@hotmail.com",
    "name": "Centre d'Estètica Ana",
    "town": "Sant Esteve Sesrovires",
    "citySlug": "sant-esteve-sesrovires",
    "category": "",
    "region": "Baix Llobregat"
  },
  "119": {
    "email": "mestruga@telefonica.net",
    "name": "Centre d'Estètica Natural",
    "town": "Sant Esteve Sesrovires",
    "citySlug": "sant-esteve-sesrovires",
    "category": "",
    "region": "Baix Llobregat"
  },
  "120": {
    "email": "clinicamartident@gmail.com",
    "name": "Clinica Dental Martident",
    "town": "Sant Esteve Sesrovires",
    "citySlug": "sant-esteve-sesrovires",
    "category": "",
    "region": "Baix Llobregat"
  },
  "121": {
    "email": "clinicalarca@gmail.com",
    "name": "Clínica Veterinària L'Arca",
    "town": "Sant Esteve Sesrovires",
    "citySlug": "sant-esteve-sesrovires",
    "category": "",
    "region": "Baix Llobregat"
  },
  "122": {
    "email": "ochimanikia@gmail.com",
    "name": "Espai de cuina Ochimanikia",
    "town": "Sant Esteve Sesrovires",
    "citySlug": "sant-esteve-sesrovires",
    "category": "",
    "region": "Baix Llobregat"
  },
  "123": {
    "email": "fciamarce@gmail.com",
    "name": "Farmàcia Begoña Marcé del Canto",
    "town": "Sant Esteve Sesrovires",
    "citySlug": "sant-esteve-sesrovires",
    "category": "",
    "region": "Baix Llobregat"
  },
  "124": {
    "email": "farmaciarojas@telefonica.net",
    "name": "Farmàcia Miquel Rojas Cano",
    "town": "Sant Esteve Sesrovires",
    "citySlug": "sant-esteve-sesrovires",
    "category": "",
    "region": "Baix Llobregat"
  },
  "125": {
    "email": "cnblook@gmail.com",
    "name": "Perruqueria Cnblook",
    "town": "Sant Esteve Sesrovires",
    "citySlug": "sant-esteve-sesrovires",
    "category": "",
    "region": "Baix Llobregat"
  },
  "126": {
    "email": "carmenam1@hotmail.com",
    "name": "Perruqueria Disseny",
    "town": "Sant Esteve Sesrovires",
    "citySlug": "sant-esteve-sesrovires",
    "category": "",
    "region": "Baix Llobregat"
  },
  "127": {
    "email": "imsensenom@gmail.com",
    "name": "Perruqueria Sense Nom",
    "town": "Sant Esteve Sesrovires",
    "citySlug": "sant-esteve-sesrovires",
    "category": "",
    "region": "Baix Llobregat"
  },
  "128": {
    "email": "info@sesvet.cat",
    "name": "Sesvet Veterinaris",
    "town": "Sant Esteve Sesrovires",
    "citySlug": "sant-esteve-sesrovires",
    "category": "",
    "region": "Baix Llobregat"
  },
  "129": {
    "email": "orientalses@gmail.com",
    "name": "Som Bollywood-Anwar Oriental",
    "town": "Sant Esteve Sesrovires",
    "citySlug": "sant-esteve-sesrovires",
    "category": "Entitat local que promou les danses del món, dinamitza el municipi i la integració de les cultures. Ofereixen espectacles de dansa i creen espais d'intercanvi cultural a fires, residències, escoles, festes majors, etc.",
    "region": "Baix Llobregat"
  },
  "130": {
    "email": "mofodo.932@gmail.com",
    "name": "ĀGĀRA, Espai de fisioteràpia i ioga",
    "town": "Sant Julià de Vilatorta",
    "citySlug": "sant-julia-de-vilatorta",
    "category": "Aquest espai està situat al carrer Núria 17 baixos al centre del poble i és una sala on es poden practicar diferents activitats: classes de TCI (treball corporal integral), gimnàstica abdominal hipopressiva, treball amb el tronc d'eutonia, gimnàstica suau de manteniment, pràctiques de ioga, gimnàstica prepart i postpart…",
    "region": "Osona"
  },
  "131": {
    "email": "c.dentalsantjulia@hotmail.com",
    "name": "Centre Dental Sant Julià",
    "town": "Sant Julià de Vilatorta",
    "citySlug": "sant-julia-de-vilatorta",
    "category": "",
    "region": "Osona"
  },
  "132": {
    "email": "eccasanovas@gmail.com",
    "name": "Elena Sbell Centre de Bellesa",
    "town": "Sant Julià de Vilatorta",
    "citySlug": "sant-julia-de-vilatorta",
    "category": "Centre de Bellesa.",
    "region": "Osona"
  },
  "133": {
    "email": "carmevilamala@yahoo.es",
    "name": "Perruqueria Carme",
    "town": "Sant Julià de Vilatorta",
    "citySlug": "sant-julia-de-vilatorta",
    "category": "Perruqueria Carme et mima pequè estiguis el màxim de radiant possible. Per això t'ofereix tots els serveis en perruqueria i tractaments de bellesa, de les mans de les millors professionals.",
    "region": "Osona"
  },
  "134": {
    "email": "judithfperruqueria@gmail.com",
    "name": "Perruqueria Judith Fontanet",
    "town": "Sant Julià de Vilatorta",
    "citySlug": "sant-julia-de-vilatorta",
    "category": "A la perruqueria Judith Fontanet ofereixen tots els serveis de perruqueria i són especialistes en Keratina, Balayage i Babylights. Són una perruqueria unisex oberta a tot el públic i ofereixen un 20% de descompte als jubilats.",
    "region": "Osona"
  },
  "135": {
    "email": "domenech.fabregat@cofb.net",
    "name": "Farmàcia J. Domènech i Fabregat",
    "town": "Sant Martí de Tous",
    "citySlug": "sant-marti-de-tous",
    "category": "",
    "region": "Anoia"
  },
  "136": {
    "email": "abenito@anoiajove.cat",
    "name": "Punt Jove de Tous",
    "town": "Sant Martí de Tous",
    "citySlug": "sant-marti-de-tous",
    "category": "El Punt Jove vol ser l'espai de referència per al jovent del municipi, diferenciant les seves accions en tres branques principals:",
    "region": "Anoia"
  },
  "137": {
    "email": "peluraquel@gmail.com",
    "name": "Raquel Perruqueria i estètica",
    "town": "Sant Martí de Tous",
    "citySlug": "sant-marti-de-tous",
    "category": "",
    "region": "Anoia"
  },
  "138": {
    "email": "ariestetica@gmail.com",
    "name": "Ariadna Estètica i Salut",
    "town": "Sant Pere de Riudebitlles",
    "citySlug": "sant-pere-de-riudebitlles",
    "category": "",
    "region": "Alt Penedès"
  },
  "139": {
    "email": "farmaciasantpere@gmail.com",
    "name": "Farmàcia Sant Pere",
    "town": "Sant Pere de Riudebitlles",
    "citySlug": "sant-pere-de-riudebitlles",
    "category": "",
    "region": "Alt Penedès"
  },
  "140": {
    "email": "hillsa@hillsabus.com",
    "name": "Hispano Llacunense (Hillsa)",
    "town": "Sant Pere de Riudebitlles",
    "citySlug": "sant-pere-de-riudebitlles",
    "category": "",
    "region": "Alt Penedès"
  },
  "141": {
    "email": "ericbesora@loptica.com",
    "name": "Farmàcia Besora",
    "town": "Sant Quirze del Vallès",
    "citySlug": "sant-quirze-del-valles",
    "category": "",
    "region": "Vallès Occidental"
  },
  "142": {
    "email": "info@fisiobisaura.cat",
    "name": "Fisiobisaura",
    "town": "Sant Quirze del Vallès",
    "citySlug": "sant-quirze-del-valles",
    "category": "",
    "region": "Vallès Occidental"
  },
  "143": {
    "email": "info@abrasteel.com",
    "name": "Abrasteel, S.L.",
    "town": "Sant Salvador de Guardiola",
    "citySlug": "sant-salvador-de-guardiola",
    "category": "ABRASTEEL és una empresa especialitzada en la fabricació i distribució de productes abrasius, com ara discos de tall, discos de làmines, raspalls abrasius i altres eines similars. Aquests productes estan destinats principalment a aplicacions industrials que requereixen operacions de tall, desbast i acabat de superfícies.",
    "region": "Bages"
  },
  "144": {
    "email": "info@serveismes.com",
    "name": "Miralda Espais i Serveis, S.L.",
    "town": "Sant Salvador de Guardiola",
    "citySlug": "sant-salvador-de-guardiola",
    "category": "",
    "region": "Bages"
  },
  "145": {
    "email": "finanzas@aerobicyfitness.com",
    "name": "Aerobic & Fitness S.L.",
    "town": "Sant Salvador de Guardiola",
    "citySlug": "sant-salvador-de-guardiola",
    "category": "",
    "region": "Bages"
  },
  "146": {
    "email": "canpelutcentreveterinari@gmail.com",
    "name": "Can Pelut Centre Veterinari - Guardiola",
    "town": "Sant Salvador de Guardiola",
    "citySlug": "sant-salvador-de-guardiola",
    "category": "",
    "region": "Bages"
  },
  "147": {
    "email": "ssg.joventut@santsalvadordeguardiola.cat",
    "name": "Casal de joves Can Sansa",
    "town": "Sant Salvador de Guardiola",
    "citySlug": "sant-salvador-de-guardiola",
    "category": "Inaugurat l'any 2020, s'hi desenvolupen activitats destinades al jovent de 12 a 30 anys. És un espai inclusiu, segur i obert a tothom dinamitzat per l'encarregat de l'àrea de joventut de l'Ajuntament.",
    "region": "Bages"
  },
  "148": {
    "email": "a8017992@xtec.net",
    "name": "Escola Montserrat",
    "town": "Sant Salvador de Guardiola",
    "citySlug": "sant-salvador-de-guardiola",
    "category": "Es tracta d'un centre de quatre plantes, amb espais amplis i especialitzats per a educació infantil i primària, serveis educatius, menjador, gimnàs i zones exteriors. L'escola està preparada per donar resposta a les necessitats presents i futures del municipi i compta amb una trentena de mestres i un ampli equip de personal auxiliar, consolidant-se com un pilar fonamental de la vida educativa i social de Sant Salvador de Guardiola.",
    "region": "Bages"
  },
  "149": {
    "email": "jcortes001@cofb.net",
    "name": "Farmàcia Sant Salvador. Cortés Espona Jaume",
    "town": "Sant Salvador de Guardiola",
    "citySlug": "sant-salvador-de-guardiola",
    "category": "",
    "region": "Bages"
  },
  "150": {
    "email": "kodigo@kodigofisioterapia.com",
    "name": "Kodigo Fisioterapia",
    "town": "Sant Salvador de Guardiola",
    "citySlug": "sant-salvador-de-guardiola",
    "category": "",
    "region": "Bages"
  },
  "151": {
    "email": "mernari@hotmail.com",
    "name": "Perruqueira. Mercè Perruqueria i Estètica",
    "town": "Sant Salvador de Guardiola",
    "citySlug": "sant-salvador-de-guardiola",
    "category": "",
    "region": "Bages"
  },
  "152": {
    "email": "farmaciacoloniaguell@gmail.com",
    "name": "Farmàcia Colònia Güell. Llicenciada Bibiana Martínez Rodríguez",
    "town": "Santa Coloma de Cervelló",
    "citySlug": "santa-coloma-de-cervello",
    "category": "",
    "region": "Baix Llobregat"
  },
  "153": {
    "email": "jtura001@cofb.net",
    "name": "Farmàcia del Lliceciat Jaume Tura Lladó",
    "town": "Santa Coloma de Cervelló",
    "citySlug": "santa-coloma-de-cervello",
    "category": "",
    "region": "Baix Llobregat"
  },
  "154": {
    "email": "recepcio.centrefisio@gmail.com",
    "name": "Laura Ibáñez Sanz Fisioterapia",
    "town": "Santa Coloma de Cervelló",
    "citySlug": "santa-coloma-de-cervello",
    "category": "",
    "region": "Baix Llobregat"
  },
  "155": {
    "email": "atencionclientes@giacomini.com",
    "name": "Giacomini España, SL.",
    "town": "Seva",
    "citySlug": "seva",
    "category": "",
    "region": "Osona"
  },
  "156": {
    "email": "gomez.mundo@cofb.net",
    "name": "Farmàcia Marta Gómez Mundó",
    "town": "Seva",
    "citySlug": "seva",
    "category": "",
    "region": "Osona"
  },
  "157": {
    "email": "oxigenbb@gmail.com",
    "name": "Oxigen bellesa i benestar",
    "town": "Seva",
    "citySlug": "seva",
    "category": "",
    "region": "Osona"
  },
  "158": {
    "email": "info@vetseva.cat",
    "name": "VetSeva - Consultori Veterinari",
    "town": "Seva",
    "citySlug": "seva",
    "category": "",
    "region": "Osona"
  },
  "159": {
    "email": "9lookperruqueria@gmail.com",
    "name": "9Look perruqueria",
    "town": "Tona",
    "citySlug": "tona",
    "category": "Perruqueria. Barberia",
    "region": "Osona"
  },
  "160": {
    "email": "paulaohlin@gmail.com",
    "name": "Cal Gaudi ( Espai Eqüestre )",
    "town": "Torrelavit",
    "citySlug": "torrelavit",
    "category": "",
    "region": "Alt Penedès"
  },
  "161": {
    "email": "bosch.gibert@cofb.net",
    "name": "Montserrat Bosch i Gibert (Farmàcia)",
    "town": "Torrelavit",
    "citySlug": "torrelavit",
    "category": "",
    "region": "Alt Penedès"
  },
  "162": {
    "email": "torrellesdellobregat@aeces",
    "name": "Associació espanyola contra el Càncer – Secció Torrelles",
    "town": "Torrelles de Llobregat",
    "citySlug": "torrelles-de-llobregat",
    "category": "",
    "region": "Baix Llobregat"
  },
  "163": {
    "email": "totgimnastica@gmail.com",
    "name": "Tot Gimnàstica",
    "town": "Torrelles de Llobregat",
    "citySlug": "torrelles-de-llobregat",
    "category": "",
    "region": "Baix Llobregat"
  },
  "164": {
    "email": "vlrn.escoltajove@vallirana.cat",
    "name": "Espai Central Jove",
    "town": "Vallirana",
    "citySlug": "vallirana",
    "category": "",
    "region": "Baix Llobregat"
  },
  "165": {
    "email": "farmaciajorda@gmail.com",
    "name": "Farmàcia Jordà",
    "town": "Vallirana",
    "citySlug": "vallirana",
    "category": "",
    "region": "Baix Llobregat"
  },
  "166": {
    "email": "fmunoz001@cofb.net",
    "name": "Farmàcia Muñoz-Marín",
    "town": "Vallirana",
    "citySlug": "vallirana",
    "category": "",
    "region": "Baix Llobregat"
  },
  "167": {
    "email": "farmacianovelia@gmail.com",
    "name": "Farmàcia Novelia (A.Parrilla)",
    "town": "Vallirana",
    "citySlug": "vallirana",
    "category": "",
    "region": "Baix Llobregat"
  },
  "168": {
    "email": "rolivella001@cofb.net",
    "name": "Farmàcia Olivella",
    "town": "Vallirana",
    "citySlug": "vallirana",
    "category": "",
    "region": "Baix Llobregat"
  },
  "169": {
    "email": "farmaciavallirana@gmail.com",
    "name": "Farmàcia Oller de Oleza",
    "town": "Vallirana",
    "citySlug": "vallirana",
    "category": "",
    "region": "Baix Llobregat"
  },
  "170": {
    "email": "info@biorenovables.cat",
    "name": "Biorenovables - Despatx 02",
    "town": "Vilanova del Camí",
    "citySlug": "vilanova-del-cami",
    "category": "",
    "region": "Anoia"
  },
  "171": {
    "email": "clubgimnastiballerina@gmail.com",
    "name": "Club Gimnàstic Ballerina",
    "town": "Vilanova del Camí",
    "citySlug": "vilanova-del-cami",
    "category": "",
    "region": "Anoia"
  },
  "172": {
    "email": "https://danalux.es/",
    "name": "Danalux - Despatx 08",
    "town": "Vilanova del Camí",
    "citySlug": "vilanova-del-cami",
    "category": "",
    "region": "Anoia"
  },
  "173": {
    "email": "hola@kunectors.com",
    "name": "Kunectors – Despatx 01",
    "town": "Vilanova del Camí",
    "citySlug": "vilanova-del-cami",
    "category": "",
    "region": "Anoia"
  },
  "174": {
    "email": "atencioalclient@hispanoigualadina.com",
    "name": "Monbús Hispano Igualadina",
    "town": "Vilanova del Camí",
    "citySlug": "vilanova-del-cami",
    "category": "",
    "region": "Anoia"
  },
  "175": {
    "email": "hola@societatempresa.com",
    "name": "Society and Neurobusiness Experience - Despatx 07",
    "town": "Vilanova del Camí",
    "citySlug": "vilanova-del-cami",
    "category": "",
    "region": "Anoia"
  },
  "176": {
    "email": "hello@databis.net",
    "name": "Webdata Solutions S.L.U. (DATABIS) - Despatx 03",
    "town": "Vilanova del Camí",
    "citySlug": "vilanova-del-cami",
    "category": "",
    "region": "Anoia"
  },
  "177": {
    "email": "mclluch001@cofb.net",
    "name": "Farmàcia Maica Lluch",
    "town": "Vilanova del Vallès",
    "citySlug": "vilanova-del-valles",
    "category": "",
    "region": "Vallès Oriental"
  },
  "178": {
    "email": "spaijove@vilanovadelvalles.cat",
    "name": "Spai Jove",
    "town": "Vilanova del Vallès",
    "citySlug": "vilanova-del-valles",
    "category": "",
    "region": "Vallès Oriental"
  }
}